Rk,Player,Team,Pos,G,GS,MP,FG,FGA,FG%,3P,3PA,3P%,2P,2PA,2P%,eFG%,FT,FTA,FT%,ORB,DRB,TRB,AST,STL,BLK,TOV,PF,PTS,Awards,Player-additional
1,Nick Martinelli,Northwestern,F,33,33,1175,268,526,.510,45,108,.417,223,418,.533,.552,178,220,.809,74,130,204,66,26,12,47,77,759,,nick-martinelli-1
2,Bennett Stirtz,Iowa,G,37,37,1396,251,526,.477,92,257,.358,159,269,.591,.565,140,165,.848,10,88,98,163,51,9,68,72,734,,bennett-stirtz-1
3,Nick Boyd,Wisconsin,G,35,35,1117,252,525,.480,61,167,.365,191,358,.534,.538,161,194,.830,27,106,133,149,36,1,59,68,726,,nicholas-boyd-1
4,Bruce Thornton,Ohio St.,G,34,34,1241,237,428,.554,62,155,.400,175,273,.641,.626,141,170,.829,31,142,173,133,39,8,44,62,677,,bruce-thornton-1
5,Lamar Wilkerson,Indiana,G,32,32,1087,227,490,.463,104,275,.378,123,215,.572,.569,111,125,.888,13,99,112,77,31,6,51,74,669,,lamar-wilkerson-1
6,Keaton Wagler,Illinois,G,37,37,1255,202,454,.445,87,219,.397,115,235,.489,.541,172,216,.796,71,117,188,157,34,14,66,73,663,AA-2AP-AA-2NABC-AA-2SN-AA-2USBWA-AA-2W-AA,keaton-wagler-1
7,John Blackwell,Wisconsin,G,34,34,1148,198,461,.430,96,247,.389,102,214,.477,.534,158,184,.859,41,131,172,79,38,3,57,84,650,,john-blackwell-3
8,Pryce Sandfort,Nebraska,F,35,35,1175,217,453,.479,129,310,.416,88,143,.615,.621,71,83,.855,22,148,170,70,36,9,24,59,634,,pryce-sandfort-1
9,Cade Tyson,Minnesota,F,32,32,1175,191,382,.500,71,172,.413,120,210,.571,.593,175,213,.822,47,126,173,68,24,7,51,79,628,,cade-tyson-1
10,Yaxel Lendeborg,Michigan,F,40,39,1206,200,388,.515,67,180,.372,133,208,.639,.602,136,165,.824,75,196,271,129,45,49,42,68,603,AA-1AP-AA-1NABC-AA-1SN-AA-1USBWA-AA-1W-AA,yaxel-lendeborg-1
11,Tariq Francis,Rutgers,G,34,21,945,181,432,.419,52,148,.351,129,284,.454,.479,164,180,.911,11,67,78,99,35,1,40,80,578,,tariq-francis-1
12,Braden Smith,Purdue,G,39,39,1344,197,448,.440,64,177,.362,133,271,.491,.511,99,120,.825,25,113,138,345,66,8,113,62,557,AA-1AP-AA-2NABC-AA-1SN-AA-2USBWA-AA-1W-AA,braden-smith-1
13,Hannes Steinbach,Washington,F,30,30,1039,209,362,.577,18,53,.340,191,309,.618,.602,120,158,.759,126,227,353,47,32,37,59,71,556,,hannes-steinbach-1
14,Fletcher Loyer,Purdue,G,39,39,1143,166,369,.450,112,259,.432,54,110,.491,.602,104,119,.874,7,84,91,80,28,2,39,45,548,,fletcher-loyer-1
15,Tyler Bilodeau,UCLA,F,31,30,935,183,353,.518,64,138,.464,119,215,.553,.609,117,134,.873,35,139,174,33,15,11,40,79,547,,tyler-bilodeau-1
16,Jeremy Fears Jr.,Michigan St.,G,35,35,1135,157,364,.431,35,109,.321,122,255,.478,.479,184,208,.885,15,69,84,328,45,1,85,82,533,AP-AA-2NABC-AA-3SN-AA-3USBWA-AA-3W-AA,jeremy-fears-jr-1
17,Morez Johnson Jr.,Michigan,F,40,40,1004,195,313,.623,12,35,.343,183,278,.658,.642,122,156,.782,100,193,293,48,27,44,53,94,524,,morez-johnson-jr-1
18,Trey Kaufman-Renn,Purdue,F,37,37,1041,227,393,.578,2,13,.154,225,380,.592,.580,68,107,.636,106,202,308,94,14,8,52,84,524,,trey-kaufman-renn-1
19,Zoom Diallo,Washington,G,33,29,978,196,401,.489,23,73,.315,173,328,.527,.517,104,126,.825,30,100,130,147,22,0,84,88,519,,zoom-diallo-1
20,David Mirkovic,Illinois,F,37,36,1090,176,364,.484,57,152,.375,119,212,.561,.562,84,111,.757,92,205,297,95,16,14,70,74,493,,david-mirkovic-1
21,John Mobley Jr.,Ohio St.,G,31,31,981,155,359,.432,97,236,.411,58,123,.472,.567,79,91,.868,11,64,75,87,23,3,57,54,486,,john-mobley-jr-1
22,Aday Mara,Michigan,C,40,39,936,201,301,.668,3,10,.300,198,291,.680,.673,79,140,.564,76,194,270,97,14,103,79,88,484,,aday-mara-2
23,Chad Baker-Mazara,USC,G,26,22,770,150,338,.444,61,160,.381,89,178,.500,.534,119,133,.895,15,95,110,72,19,33,61,66,480,,chad-baker-mazara-1
24,Ezra Ausar,USC,F,32,32,955,158,271,.583,0,2,.000,158,269,.587,.583,157,233,.674,78,131,209,55,32,14,67,112,473,,ezra-ausar-1
25,Donovan Dent,UCLA,G,35,34,1205,174,426,.408,18,71,.254,156,355,.439,.430,99,151,.656,16,86,102,265,59,12,64,59,465,,donovan-dent-1
26,Andrej Stojakovic,Illinois,G,34,21,895,168,336,.500,20,82,.244,148,254,.583,.530,103,128,.805,45,109,154,34,13,15,44,48,459,,andrej-stojakovic-2
27,Rienk Mast,Nebraska,F,34,34,993,169,382,.442,50,161,.311,119,221,.538,.508,65,79,.823,77,119,196,105,14,10,57,60,453,,rienk-mast-1
28,Freddie Dilione V,Penn St.,G,32,15,878,174,368,.473,42,132,.318,132,236,.559,.530,58,71,.817,24,78,102,71,39,6,47,42,448,,freddie-dilione-v-1
29,David Coit,Maryland,G,33,16,883,149,362,.412,71,219,.324,78,143,.545,.510,77,90,.856,7,54,61,91,20,1,60,44,446,,david-coit-1
30,Trent Perry,UCLA,G,35,24,1048,130,298,.436,47,120,.392,83,178,.466,.515,133,155,.858,27,78,105,97,32,5,47,59,440,,trent-perry-2
31,Jaxon Kohler,Michigan St.,F,35,35,970,164,328,.500,58,149,.389,106,179,.592,.588,53,61,.869,101,211,312,45,21,23,48,55,439,,jaxon-kohler-1
32,Devin Royal,Ohio St.,F,32,32,1040,151,317,.476,31,98,.316,120,219,.548,.525,105,131,.802,51,131,182,52,20,5,54,86,438,,devin-royal-2
33,Tucker DeVries,Indiana,G,32,32,1095,144,363,.397,82,246,.333,62,117,.530,.510,67,78,.859,17,151,168,105,36,18,47,79,437,,tucker-devries-1
34,Coen Carr,Michigan St.,F,35,35,1024,155,299,.518,21,76,.276,134,223,.601,.554,90,143,.629,54,135,189,43,16,28,48,52,421,,coen-carr-2
35,Elliot Cadeau,Michigan,G,40,40,1092,136,331,.411,65,173,.376,71,158,.449,.509,83,117,.709,12,97,109,234,34,8,96,87,420,,elliot-cadeau-1
36,Nathan Bittle,Oregon,C,25,25,778,145,312,.465,36,113,.319,109,199,.548,.522,93,127,.732,53,119,172,64,22,46,55,39,419,,nate-bittle-1
37,Oscar Cluff,Purdue,F,39,39,965,164,240,.683,0,0,,164,240,.683,.683,86,123,.699,130,162,292,69,19,36,31,107,414,,oscar-cluff-1
38,Eric Dailey Jr.,UCLA,F,35,35,967,155,319,.486,31,98,.316,124,221,.561,.534,65,93,.699,53,149,202,47,31,9,47,76,406,,eric-dailey-jr-2
39,Nolan Winter,Wisconsin,F,31,30,953,153,269,.569,31,95,.326,122,174,.701,.626,69,93,.742,70,192,262,48,15,38,25,60,406,,nolan-winter-2
40,Andre Mills,Maryland,G,33,25,878,135,330,.409,55,159,.346,80,171,.468,.492,79,103,.767,46,90,136,54,17,10,56,88,404,,andre-mills-1
41,Kwame Evans Jr.,Oregon,F,30,30,926,123,271,.454,31,102,.304,92,169,.544,.511,123,154,.799,65,158,223,59,29,39,57,65,400,,kwame-evans-jr-2
42,Trey McKenney,Michigan,G,40,0,883,126,273,.462,68,174,.391,58,99,.586,.586,77,86,.895,16,94,110,35,16,2,36,56,397,,trey-mckenney-1
43,Braden Frager,Nebraska,F,33,2,779,134,275,.487,57,162,.352,77,113,.681,.591,66,82,.805,32,92,124,34,24,2,34,42,391,,braden-frager-1
44,TK Simpkins,Oregon,G,31,31,992,127,298,.426,50,140,.357,77,158,.487,.510,84,99,.848,16,75,91,73,28,6,64,46,388,,tk-simpkins-1
45,Carson Cooper,Michigan St.,C,35,35,934,135,231,.584,2,5,.400,133,226,.588,.589,115,146,.788,67,181,248,51,21,34,54,71,387,,carson-cooper-1
46,Kayden Mingo,Penn St.,G,28,28,897,144,302,.477,21,86,.244,123,216,.569,.512,74,105,.705,15,83,98,121,58,5,57,53,383,,kayden-mingo-1
47,Langston Reynolds,Minnesota,G,33,26,1097,147,273,.538,11,43,.256,136,230,.591,.559,77,130,.592,25,118,143,150,25,4,86,69,382,,langston-reynolds-1
48,Tavion Banks,Iowa,G,37,35,863,128,246,.520,19,43,.442,109,203,.537,.559,103,130,.792,54,117,171,42,36,8,52,107,378,,tavion-banks-1
49,Kylan Boswell,Illinois,G,30,30,901,122,275,.444,35,114,.307,87,161,.540,.507,89,114,.781,42,78,120,90,22,0,33,62,368,,kylan-boswell-1
50,Josh Reed,Penn St.,G,32,31,903,120,246,.488,32,87,.368,88,159,.553,.553,95,109,.872,37,94,131,33,33,3,35,51,367,,josh-reed-2
51,Isaac Asuma,Minnesota,G,33,33,1132,126,317,.397,58,191,.304,68,126,.540,.489,49,66,.742,26,105,131,123,41,17,71,88,359,,isaac-asuma-1
52,Darius Adams,Maryland,G,33,28,846,111,314,.354,33,133,.248,78,181,.431,.406,100,140,.714,28,85,113,54,17,5,65,65,355,,darius-adams-1
53,Tomislav Ivisic,Illinois,C,34,33,863,131,271,.483,50,160,.313,81,111,.730,.576,42,54,.778,58,134,192,53,10,20,46,68,354,,tomislav-ivisic-1
54,Christoph Tilly,Ohio St.,C,32,32,832,114,238,.479,13,56,.232,101,182,.555,.506,111,152,.730,43,108,151,74,21,17,49,102,352,,christoph-tilly-1
55,Wesley Yates III,Washington,G,27,25,847,115,310,.371,53,170,.312,62,140,.443,.456,61,78,.782,24,64,88,35,41,7,43,57,344,,wesley-yates-iii-1
56,Jamarques Lawrence,Nebraska,G,35,35,979,114,271,.421,55,155,.355,59,116,.509,.522,59,78,.756,11,72,83,133,31,1,69,83,342,,jamarques-lawrence-1
57,Jayden Reid,Northwestern,G,34,28,876,114,292,.390,32,101,.317,82,191,.429,.445,82,100,.820,10,38,48,171,34,5,63,69,342,,jayden-reid-1
58,Bobby Durkin,Minnesota,F,33,25,1082,111,257,.432,80,204,.392,31,53,.585,.588,35,40,.875,19,86,105,61,27,5,26,46,337,,bobby-durkin-1
59,Amare Bynum,Ohio St.,F,34,24,969,129,255,.506,28,91,.308,101,164,.616,.561,45,62,.726,38,130,168,37,21,28,38,87,331,,amare-bynum-1
60,C.J. Cox,Purdue,G,39,39,953,118,258,.457,62,166,.373,56,92,.609,.578,32,38,.842,31,77,108,49,20,4,12,48,330,,cj-cox-1
61,Nimari Burnett,Michigan,G,40,40,792,112,247,.453,60,160,.375,52,87,.598,.575,45,58,.776,23,87,110,47,23,4,26,59,329,,nimari-burnett-1
62,Sam Hoiberg,Nebraska,G,35,35,1132,124,229,.541,32,84,.381,92,145,.634,.611,45,60,.750,33,151,184,157,70,3,42,89,325,,sam-hoiberg-1
63,Dylan Grant,Rutgers,F,34,30,816,111,252,.440,22,72,.306,89,180,.494,.484,80,110,.727,56,88,144,18,19,15,39,64,324,,dylan-grant-1
64,Jaylen Crocker-Johnson,Minnesota,F,24,24,757,112,270,.415,42,130,.323,70,140,.500,.493,56,78,.718,44,120,164,43,15,24,40,68,322,,jaylen-crocker-johnson-1
65,Jacob Cofie,USC,F,32,32,975,124,243,.510,21,66,.318,103,177,.582,.553,49,81,.605,64,155,219,62,30,56,53,97,318,,jacob-cofie-1
66,Alvaro Folgueiras,Iowa,F,37,1,767,105,210,.500,36,108,.333,69,102,.676,.586,66,86,.767,35,100,135,81,32,9,46,74,312,,alvaro-folgueiras-1
67,Ivan Juric,Penn St.,F,30,26,792,109,189,.577,15,53,.283,94,136,.691,.616,72,109,.661,54,104,158,24,12,7,58,91,305,,ivan-juric-1
68,Quimari Peterson,Washington,G,33,18,1019,103,265,.389,71,203,.350,32,62,.516,.523,25,32,.781,21,72,93,73,44,6,29,66,302,,quimari-peterson-1
69,Skyy Clark,UCLA,G,26,23,742,107,228,.469,53,124,.427,54,104,.519,.586,32,39,.821,9,50,59,52,32,2,25,69,299,,skyy-clark-1
70,Elijah Saunders,Maryland,F,33,32,1009,104,236,.441,58,141,.411,46,95,.484,.564,32,40,.800,52,92,144,31,14,9,35,85,298,,elijah-saunders-1
71,Arrinten Page,Northwestern,F,29,16,663,113,207,.546,11,44,.250,102,163,.626,.572,59,90,.656,35,95,130,53,25,34,36,50,296,,arrinten-page-2
72,Austin Rapp,Wisconsin,F,30,12,695,96,229,.419,58,160,.363,38,69,.551,.546,41,48,.854,32,87,119,47,14,15,25,58,291,,austin-rapp-1
73,Cooper Koch,Iowa,F,37,37,1052,97,222,.437,66,164,.402,31,58,.534,.586,30,36,.833,31,83,114,42,21,6,17,74,290,,cooper-koch-1
74,Roddy Gayle Jr.,Michigan,G,39,1,822,101,218,.463,21,66,.318,80,152,.526,.511,63,84,.750,34,94,128,52,28,20,50,62,286,,roddy-gayle-jr-1
75,Braeden Carrington,Wisconsin,G,34,0,614,84,206,.408,69,172,.401,15,34,.441,.575,44,57,.772,19,63,82,36,13,11,18,46,281,,braeden-carrington-1
76,Sam Alexis,Indiana,F,32,23,681,114,166,.687,2,8,.250,112,158,.709,.693,50,69,.725,60,92,152,39,10,38,32,77,280,,sam-alexis-1
77,Darren Buchanan Jr.,Rutgers,F,34,16,818,103,224,.460,12,34,.353,91,190,.479,.487,59,100,.590,34,97,131,57,21,6,46,55,277,,darren-buchanan-jr-1
78,Tayton Conerway,Indiana,G,29,19,618,101,180,.561,18,62,.290,83,118,.703,.611,56,76,.737,20,60,80,96,31,5,58,61,276,,tayton-conerway-1
79,Reed Bailey,Indiana,F,32,10,611,77,135,.570,1,4,.250,76,131,.580,.574,112,148,.757,35,73,108,35,7,11,28,73,267,,reed-bailey-1
80,Xavier Booker,UCLA,F,36,27,724,104,190,.547,29,67,.433,75,123,.610,.624,27,40,.675,42,84,126,27,7,43,23,66,264,,xavier-booker-2
81,Tre Singleton,Northwestern,F,34,31,850,93,195,.477,9,54,.167,84,141,.596,.500,62,84,.738,46,118,164,50,21,19,34,102,257,,tre-singleton-1
82,Jamichael Davis,Rutgers,G,34,22,890,86,214,.402,29,81,.358,57,133,.429,.470,55,71,.775,25,74,99,86,30,8,27,53,256,,jamichael-davis-1
83,Kur Teng,Michigan St.,G,35,4,612,91,240,.379,56,147,.381,35,93,.376,.496,17,21,.810,19,51,70,36,10,2,27,47,255,,kur-teng-1
84,Solomon Washington,Maryland,F,25,22,798,84,191,.440,9,37,.243,75,154,.487,.463,69,109,.633,78,152,230,25,28,20,46,76,246,,solomon-washington-1
85,Nick Dorn,Indiana,G,30,12,696,72,178,.404,60,158,.380,12,20,.600,.573,40,46,.870,17,53,70,9,9,3,22,51,244,,nick-dorn-1
86,Cam Manyawu,Iowa,F,37,37,710,101,160,.631,0,0,,101,160,.631,.631,42,73,.575,67,102,169,39,30,20,28,86,244,,cam-manyawu-1
87,Melih Tunca,Penn St.,G,31,12,707,83,185,.449,20,64,.313,63,121,.521,.503,57,74,.770,13,49,62,73,22,6,43,33,243,,melih-tunca-1
88,Zvonimir Ivisic,Illinois,F,37,4,637,87,171,.509,28,100,.280,59,71,.831,.591,36,52,.692,39,128,167,10,8,72,18,47,238,,zvonimir-ivisic-1
89,L.J. Cason,Michigan,G,28,0,521,81,161,.503,33,82,.402,48,79,.608,.606,39,55,.709,6,46,52,66,26,0,48,24,234,,lj-cason-1
90,Kael Combs,Iowa,G,37,33,965,84,171,.491,18,54,.333,66,117,.564,.544,41,49,.837,18,70,88,89,27,2,51,62,227,,kael-combs-1
91,Tate Sage,Iowa,G,37,0,597,72,146,.493,28,72,.389,44,74,.595,.589,54,76,.711,30,46,76,25,10,6,19,50,226,,tate-sage-1
92,Harun Zrno,Rutgers,G,34,15,651,69,194,.356,52,154,.338,17,40,.425,.490,30,38,.789,12,43,55,20,17,1,34,25,220,,harun-zrno-1
93,Ben Humrichous,Illinois,F,37,2,834,70,183,.383,57,158,.361,13,25,.520,.538,19,24,.792,41,104,145,30,15,24,7,44,216,,ben-humrichous-1
94,Berke Buyuktuncel,Nebraska,F,33,33,802,81,173,.468,13,54,.241,68,119,.571,.506,41,67,.612,60,124,184,62,29,34,38,59,216,,berke-buyuktuncel-1
95,Daniel Jacobsen,Purdue,C,39,0,503,82,127,.646,3,8,.375,79,119,.664,.657,47,75,.627,44,74,118,13,3,47,22,73,214,,daniel-jacobsen-1
96,Omer Mayer,Purdue,G,39,0,558,80,194,.412,39,110,.355,41,84,.488,.513,15,23,.652,3,39,42,45,15,0,35,32,214,,omer-mayer-1
97,Dominick Stewart,Penn St.,G,32,24,721,69,172,.401,39,112,.348,30,60,.500,.515,34,43,.791,14,56,70,52,22,7,26,76,211,,dominick-stewart-1
98,Sean Stewart,Oregon,F,32,23,737,84,165,.509,1,1,1.000,83,164,.506,.512,40,75,.533,69,97,166,38,30,14,37,95,209,,sean-stewart-2
99,Angelo Ciaravino,Northwestern,G,33,18,726,84,164,.512,11,43,.256,73,121,.603,.546,28,48,.583,35,93,128,41,12,21,13,60,207,,angelo-ciaravino-1
100,Jordan Scott,Michigan St.,F,35,13,729,67,163,.411,37,100,.370,30,63,.476,.525,33,47,.702,47,61,108,41,26,18,32,74,204,,jordan-scott-3
101,Jordan Marsh,USC,G,28,0,513,62,155,.400,30,84,.357,32,71,.451,.497,49,63,.778,6,49,55,52,20,3,31,53,203,,jordan-marsh-1
102,Jake Davis,Illinois,F,37,22,725,63,147,.429,54,133,.406,9,14,.643,.612,18,24,.750,37,44,81,25,12,8,6,49,198,,jake-davis-2
103,Alijah Arenas,USC,G,14,13,387,62,182,.341,13,61,.213,49,121,.405,.376,61,77,.792,14,26,40,29,13,7,32,29,198,,alijah-arenas-1
104,Wei Lin,Oregon,G,30,9,527,62,180,.344,31,105,.295,31,75,.413,.431,42,51,.824,5,22,27,50,11,0,35,41,197,,wei-lin-1
105,Eli Rice,Penn St.,G,29,18,574,60,156,.385,41,105,.390,19,51,.373,.516,34,44,.773,10,38,48,7,18,5,18,44,195,,eli-rice-1
106,Andrew Rohde,Wisconsin,G,34,34,898,66,182,.363,42,132,.318,24,50,.480,.478,21,27,.778,19,52,71,98,42,7,37,77,195,,andrew-rohde-1
107,Angelino Mark,Rutgers,G,33,6,526,67,169,.396,10,43,.233,57,126,.452,.426,50,65,.769,9,52,61,40,30,2,29,43,194,,angelino-mark-1
108,Isaia Howard,Iowa,G,37,5,672,72,160,.450,18,64,.281,54,96,.563,.506,25,36,.694,30,67,97,41,38,10,24,74,187,,isaia-howard-1
109,Jackson Shelstad,Oregon,G,12,12,418,66,169,.391,33,105,.314,33,64,.516,.488,22,26,.846,4,31,35,59,17,1,21,20,187,,jackson-shelstad-2
110,Gicarri Harris,Purdue,G,39,0,614,57,142,.401,33,93,.355,24,49,.490,.518,31,36,.861,12,50,62,32,33,3,12,41,178,,gicarri-harris-1
111,Kaden Powers,Rutgers,G,29,15,458,68,195,.349,28,86,.326,40,109,.367,.421,14,19,.737,11,41,52,44,14,4,30,33,178,,kaden-powers-1
112,Jake West,Northwestern,G,33,17,725,62,154,.403,28,77,.364,34,77,.442,.494,24,31,.774,5,22,27,94,20,6,33,53,176,,jake-west-1
113,Kam Woods,USC,G,20,17,626,68,162,.420,7,42,.167,61,120,.508,.441,33,54,.611,24,62,86,82,34,2,40,43,176,,kam-woods-1
114,Pharrel Payne,Maryland,F,10,10,269,53,85,.624,0,0,,53,85,.624,.624,69,96,.719,32,40,72,14,4,11,27,22,175,,pharrel-payne-1
115,Cameron Ward,Michigan St.,F,34,0,521,73,124,.589,0,2,.000,73,122,.598,.589,26,51,.510,45,98,143,10,12,16,29,66,172,,cameron-ward-2
116,Dezdrick Lindsay,Oregon,F,32,8,656,62,154,.403,19,58,.328,43,96,.448,.464,28,48,.583,27,62,89,49,27,6,27,56,171,,dezdrick-lindsay-1
117,Aleksas Bieliauskas,Wisconsin,F,35,28,705,62,144,.431,28,81,.346,34,63,.540,.528,19,30,.633,53,100,153,30,6,21,28,77,171,,aleksas-bieliauskas-1
118,Franck Kepnang,Washington,C,27,25,617,68,132,.515,0,1,.000,68,131,.519,.515,31,45,.689,68,102,170,6,16,56,27,68,167,,franck-kepnang-1
119,Jack Benter,Purdue,G,38,2,557,58,121,.479,36,88,.409,22,33,.667,.628,14,23,.609,29,68,97,31,15,2,17,57,166,,jack-benter-1
120,Cale Jacobsen,Nebraska,G,35,1,690,61,117,.521,15,41,.366,46,76,.605,.585,25,42,.595,18,83,101,46,34,11,22,63,162,,cale-jacobsen-1
121,Desmond Claude,Washington,G,12,9,332,55,129,.426,9,30,.300,46,99,.465,.461,41,47,.872,7,22,29,23,5,1,21,18,160,,desmond-claude-1
122,Emmanuel Ogbole,Rutgers,C,34,30,645,67,112,.598,0,0,,67,112,.598,.598,25,46,.543,88,116,204,12,10,41,37,76,159,,emmanuel-ogbole-1
123,Jaden Brownell,USC,F,30,0,349,54,138,.391,25,85,.294,29,53,.547,.482,20,24,.833,18,39,57,12,10,14,18,42,153,,jaden-brownell-1
124,Conor Enright,Indiana,G,32,32,958,49,121,.405,26,75,.347,23,46,.500,.512,23,29,.793,15,81,96,148,20,0,39,95,147,,conor-enright-1
125,Will Tschetter,Michigan,F,40,1,546,41,109,.376,29,84,.345,12,25,.480,.509,30,33,.909,19,57,76,25,4,4,12,47,141,,will-tschetter-1
126,Isaiah Watts,Maryland,G,32,8,548,46,136,.338,29,99,.293,17,37,.459,.445,18,28,.643,9,50,59,21,24,8,25,58,139,,isaiah-watts-1
127,Trey Fort,Michigan St.,G,33,6,338,46,131,.351,29,84,.345,17,47,.362,.462,16,18,.889,6,36,42,20,8,7,19,26,137,,trey-fort-1
128,Jamar Brown,UCLA,G,36,2,563,48,112,.429,25,74,.338,23,38,.605,.540,16,16,1.000,32,65,97,19,20,2,12,52,137,,jamar-brown-2
129,Jerry Easter II,USC,G,29,7,505,48,110,.436,4,17,.235,44,93,.473,.455,29,39,.744,17,69,86,31,14,8,25,28,129,,jerry-easter-ii-1
130,Grayson Grove,Minnesota,F,32,12,659,57,96,.594,5,19,.263,52,77,.675,.620,9,36,.250,28,73,101,53,33,20,15,74,128,,grayson-grove-1
131,Trent Sisley,Indiana,F,30,0,396,46,107,.430,13,48,.271,33,59,.559,.491,21,39,.538,24,60,84,11,3,2,12,35,126,,trent-sisley-1
132,Rodney Rice,USC,G,6,6,204,39,95,.411,15,39,.385,24,56,.429,.489,29,39,.744,3,17,20,36,7,1,11,10,122,,rodney-rice-2
133,Taison Chatman,Ohio St.,G,28,3,363,40,87,.460,24,51,.471,16,36,.444,.598,17,20,.850,7,26,33,23,10,3,21,36,121,,taison-chatman-2
134,Jordan Clayton,Northwestern,G,31,10,566,40,97,.412,32,78,.410,8,19,.421,.577,8,15,.533,5,48,53,42,15,5,14,64,120,,jordan-clayton-1
135,Bryson Tucker,Washington,F,21,14,462,51,117,.436,12,46,.261,39,71,.549,.487,6,11,.545,22,60,82,10,7,3,9,19,120,,bryson-tucker-1
136,JJ Mandaquit,Washington,G,22,6,431,41,94,.436,11,39,.282,30,55,.545,.495,21,30,.700,5,42,47,70,12,2,27,45,114,,jj-mandaquit-1
137,Divine Ugochukwu,Michigan St.,G,22,12,354,42,83,.506,19,43,.442,23,40,.575,.620,10,18,.556,5,29,34,34,9,3,15,36,113,,divine-ugochukwu-1
138,Brandon Noel,Ohio St.,F,16,10,303,46,73,.630,3,15,.200,43,58,.741,.651,11,15,.733,19,40,59,14,5,3,16,22,106,,brandon-noel-1
139,Max Green,Northwestern,G,23,4,337,37,100,.370,23,68,.338,14,32,.438,.485,3,5,.600,3,38,41,23,15,2,8,24,100,,max-green-1
140,Myles Rice,Maryland,G,17,4,280,30,82,.366,11,32,.344,19,50,.380,.433,25,27,.926,3,33,36,22,16,0,23,25,96,,myles-rice-1
141,Tyler Kropp,Northwestern,F,31,10,368,34,77,.442,3,11,.273,31,66,.470,.461,24,26,.923,21,45,66,9,11,8,10,41,95,,tyler-kropp-1
142,Lathan Sommerville,Washington,C,22,7,318,32,73,.438,1,5,.200,31,68,.456,.445,30,41,.732,21,36,57,5,2,8,15,44,95,,lathan-sommerville-1
143,Brandon Williams,UCLA,G,34,4,416,32,77,.416,6,25,.240,26,52,.500,.455,20,31,.645,31,33,64,11,14,8,8,45,90,,brandon-williams-10
144,Gabe Dynes,USC,C,30,6,357,41,52,.788,0,0,,41,52,.788,.788,6,17,.353,34,36,70,13,4,31,21,34,88,,gabe-dynes-1
145,Brendan Hausen,Iowa,G,21,0,215,25,77,.325,22,67,.328,3,10,.300,.468,11,11,1.000,0,14,14,10,4,0,2,17,83,,brendan-hausen-1
146,Jared Garcia,Nebraska,F,28,0,233,26,79,.329,10,41,.244,16,38,.421,.392,21,27,.778,10,50,60,9,5,14,20,20,83,,jared-garcia-1
147,Ivan Njegovan,Ohio St.,C,30,2,343,29,51,.569,2,3,.667,27,48,.563,.588,19,29,.655,29,61,90,20,4,12,18,49,79,,ivan-njegovan-1
148,Justin Mullins,Northwestern,G,24,3,323,28,62,.452,10,31,.323,18,31,.581,.532,11,22,.500,13,26,39,19,11,8,14,34,77,,justin-mullins-1
149,Denis Badalau,Rutgers,F,24,12,300,25,83,.301,10,47,.213,15,36,.417,.361,14,21,.667,14,27,41,21,6,4,13,17,74,,denis-badalau-1
150,Jamari Phillips,Oregon,G,26,0,296,23,73,.315,18,61,.295,5,12,.417,.438,5,6,.833,5,18,23,14,3,1,14,30,69,,jamari-phillips-1
151,Terrance Williams II,USC,F,31,13,412,18,60,.300,8,29,.276,10,31,.323,.367,25,39,.641,21,40,61,17,10,1,4,28,69,,terrance-williamsii-1
152,Jesse McCulloch,Michigan St.,F,28,0,206,23,48,.479,9,18,.500,14,30,.467,.573,13,14,.929,15,21,36,6,3,13,9,27,68,,jesse-mcculloch-1
153,Drew Carter,Oregon,G,26,11,375,23,58,.397,16,46,.348,7,12,.583,.534,6,7,.857,2,27,29,21,10,0,21,26,68,,drew-carter-1
154,Mason Blackwood,Penn St.,F,26,1,318,27,55,.491,6,27,.222,21,28,.750,.545,7,9,.778,11,35,46,6,5,1,8,28,67,,mason-blackwood-1
155,Christopher Nwuli,Rutgers,F,30,0,303,19,51,.373,4,11,.364,15,40,.375,.412,24,35,.686,17,27,44,11,6,9,19,42,66,,christopher-nwuli-1
156,Bryce Dortch,Rutgers,F,31,3,447,25,41,.610,0,0,,25,41,.610,.610,15,28,.536,38,61,99,4,17,21,12,58,65,,bryce-dortch-1
157,Steven Jamerson II,UCLA,C,35,1,340,24,32,.750,0,0,,24,32,.750,.750,17,27,.630,38,32,70,16,22,13,21,80,65,,steven-jamerson-ii-1
158,Courtland Muldrew,Washington,G,20,1,253,25,59,.424,4,19,.211,21,40,.525,.458,11,20,.550,7,31,38,29,5,3,8,32,65,,courtland-muldrew-1
159,Ryan Cornish,USC,G,25,11,273,18,49,.367,11,34,.324,7,15,.467,.480,14,15,.933,5,13,18,20,4,4,11,28,61,,ryan-cornish-1
160,Trevin Jirak,Iowa,C,17,0,137,18,38,.474,3,18,.167,15,20,.750,.513,19,27,.704,2,14,16,19,2,1,17,19,58,,trevin-jirak-1
161,Saša Ciani,Penn St.,F,28,4,279,21,54,.389,1,5,.200,20,49,.408,.398,15,22,.682,16,37,53,6,3,5,11,29,58,,sasa-ciani-1
162,Jack Janicki,Wisconsin,G,26,1,429,21,65,.323,13,47,.277,8,18,.444,.423,3,5,.600,16,35,51,29,17,5,15,44,58,,jack-janicki-1
163,Kai Shinholster,Minnesota,G,31,0,407,21,68,.309,9,40,.225,12,28,.429,.375,6,8,.750,17,21,38,32,16,3,12,24,57,,kai-shinholster-1
164,Eric Freeny,UCLA,G,28,0,310,21,56,.375,10,27,.370,11,29,.379,.464,4,8,.500,17,28,45,12,8,4,9,26,56,,eric-freeny-1
165,Gabe Cupps,Ohio St.,G,33,0,406,17,45,.378,7,27,.259,10,18,.556,.456,14,19,.737,6,31,37,36,12,1,21,49,55,,gabe-cupps-1
166,Tibor Mirtic,Penn St.,F,15,1,212,25,47,.532,1,3,.333,24,44,.545,.543,4,13,.308,22,28,50,10,8,1,11,23,55,,tibor-mirtic-1
167,Oleksandr Kobzystyi,Oregon,F,19,0,180,18,42,.429,9,23,.391,9,19,.474,.536,6,9,.667,8,16,24,6,2,1,2,20,51,,oleksandr-kobzystyi-1
168,K.J. Windham,Northwestern,G,14,0,172,15,46,.326,12,36,.333,3,10,.300,.457,7,7,1.000,2,17,19,15,7,1,3,5,49,,kj-windham-1
169,Devon Pryor,Oregon,F,16,11,292,17,40,.425,4,18,.222,13,22,.591,.475,9,19,.474,18,22,40,19,8,3,9,27,47,,devon-pryor-1
170,Hayden Jones,Wisconsin,G,27,1,195,16,26,.615,1,2,.500,15,24,.625,.635,12,22,.545,10,18,28,11,5,2,14,25,45,,hayden-jones-1
171,Chansey Willis Jr.,Minnesota,G,7,7,187,16,39,.410,2,11,.182,14,28,.500,.436,10,22,.455,2,19,21,23,17,2,15,12,44,,chansey-willis-jr-1
172,Ege Demir,Oregon,C,19,0,167,20,45,.444,0,0,,20,45,.444,.444,2,7,.286,31,36,67,5,7,9,14,21,42,,ege-demir-1
173,Jasai Miles,Indiana,G,26,0,248,14,41,.341,6,25,.240,8,16,.500,.415,7,14,.500,13,37,50,11,1,3,12,34,41,,jasai-miles-1
174,Collin Metcalf,Maryland,C,31,13,416,18,33,.545,0,1,.000,18,32,.563,.545,5,13,.385,40,60,100,9,3,21,16,54,41,,collin-metcalf-1
175,Connor Essegian,Nebraska,G,7,0,98,14,44,.318,8,31,.258,6,13,.462,.409,2,4,.500,2,7,9,6,2,0,5,6,38,,connor-essegian-1
176,Amarion Dickerson,USC,F,8,1,173,11,22,.500,4,9,.444,7,13,.538,.591,11,18,.611,12,15,27,9,6,7,8,20,37,,amarion-dickerson-1
177,Jacob Ognacevic,Washington,F,12,1,150,13,27,.481,8,18,.444,5,9,.556,.630,3,5,.600,9,5,14,3,3,0,7,17,37,,jacob-ognacevic-1
178,Nikola Dzepina,Washington,F,14,0,155,13,43,.302,9,36,.250,4,7,.571,.407,2,4,.500,6,12,18,10,0,12,2,17,37,,nikola-dzepina-1
179,Guillermo Del Pino Luque,Maryland,G,24,2,216,13,46,.283,8,29,.276,5,17,.294,.370,2,4,.500,2,14,16,12,9,3,14,17,36,,guillermo-del-pino-luque-1
180,Aleks Alston,Maryland,F,25,0,215,12,36,.333,5,24,.208,7,12,.583,.403,5,9,.556,13,29,42,8,5,4,10,18,34,,aleks-alston-1
181,Will Garlock,Wisconsin,F,30,0,202,13,18,.722,0,0,,13,18,.722,.722,6,15,.400,11,21,32,20,2,5,11,42,32,,will-garlock-1
182,Mihailo Petrovic,Illinois,G,19,0,108,12,36,.333,2,10,.200,10,26,.385,.361,5,6,.833,5,9,14,21,3,0,13,7,31,,mihailo-petrovic-1
183,Brandon Lee,Illinois,G,18,0,75,8,18,.444,0,1,.000,8,17,.471,.444,14,15,.933,2,4,6,3,2,0,5,14,30,,brandon-lee-2
184,George Turkson Jr.,Maryland,G,23,5,264,9,27,.333,0,6,.000,9,21,.429,.333,12,24,.500,22,25,47,4,0,5,6,43,30,,george-turkson-jr-1
185,Liam Murphy,Purdue,F,12,0,89,10,27,.370,8,23,.348,2,4,.500,.519,0,0,,2,9,11,3,1,0,0,8,28,,liam-murphy-2
186,Leo Curtis,Nebraska,F,17,0,67,10,17,.588,0,3,.000,10,14,.714,.588,7,8,.875,7,2,9,4,3,1,5,8,27,,leo-curtis-1
187,Winters Grady,Michigan,G,9,0,54,7,20,.350,6,19,.316,1,1,1.000,.500,6,7,.857,0,10,10,2,2,0,6,7,26,,winters-grady-1
188,Justin Houser,Penn St.,F,18,0,113,9,21,.429,3,9,.333,6,12,.500,.500,5,8,.625,5,15,20,3,2,8,6,24,26,,justin-houser-2
189,Robert Vaihola,Minnesota,F,5,5,107,7,10,.700,0,0,,7,10,.700,.700,11,22,.500,15,23,38,7,6,3,5,10,25,,robert-vaihola-1
190,Colin White,Ohio St.,F,29,1,252,11,28,.393,2,18,.111,9,10,.900,.429,1,5,.200,10,19,29,12,8,2,5,27,25,,colin-white-1
191,Jasir Rencher,Washington,F,8,0,66,6,12,.500,1,5,.200,5,7,.714,.542,11,13,.846,4,10,14,1,0,2,1,15,24,,jasir-rencher-1
192,Oscar Goodman,Michigan,F,16,0,85,10,24,.417,0,6,.000,10,18,.556,.417,2,5,.400,6,14,20,7,1,3,4,12,22,,oscar-goodman-1
193,Puff Johnson,Ohio St.,G,9,1,104,6,18,.333,3,7,.429,3,11,.273,.417,6,9,.667,6,4,10,1,1,0,4,18,21,,puff-johnson-1
194,Zach Kinziger,Wisconsin,G,16,0,79,8,25,.320,4,16,.250,4,9,.444,.400,1,2,.500,0,4,4,9,5,0,1,12,21,,zach-kinziger-1
195,Joey Matteoni,Iowa,F,11,0,40,8,15,.533,0,0,,8,15,.533,.533,1,3,.333,4,3,7,3,2,0,2,7,17,,joey-matteoni-1
196,Malick Kordel,Michigan,C,14,0,58,8,14,.571,0,1,.000,8,13,.615,.571,1,5,.200,6,15,21,2,1,5,2,11,17,,malick-kordel-1
197,Jack Robison,Wisconsin,F,17,0,31,6,8,.750,3,4,.750,3,4,.750,.938,2,3,.667,1,7,8,1,2,1,4,2,17,,jack-robison-1
198,AJ Redd,Illinois,G,11,0,29,5,11,.455,1,3,.333,4,8,.500,.500,4,6,.667,2,3,5,0,0,0,1,2,15,,aj-redd-1
199,Denham Wojcik,Michigan St.,G,31,0,173,6,21,.286,0,4,.000,6,17,.353,.286,3,6,.500,1,7,8,36,8,0,14,22,15,,denham-wojcik-1
200,Kendall Blue,Nebraska,G,19,0,66,4,13,.308,3,8,.375,1,5,.200,.423,2,2,1.000,1,5,6,4,1,0,7,6,13,,kendall-blue-1
201,Luke Johnson,Oregon,F,12,0,65,4,12,.333,2,8,.250,2,4,.500,.417,3,6,.500,3,5,8,1,0,0,2,10,13,,luke-johnson-4
202,Jason Jakstys,Illinois,F,9,0,48,4,5,.800,0,0,,4,5,.800,.800,4,6,.667,7,10,17,2,1,4,0,7,12,,jason-jakstys-1
203,Aaron Fine,Purdue,G,9,0,23,5,10,.500,0,0,,5,10,.500,.500,1,2,.500,0,0,0,3,0,0,2,4,11,,aaron-fine-1
204,Isaac Gard,Wisconsin,G,14,0,16,3,7,.429,3,6,.500,0,1,.000,.643,2,2,1.000,0,3,3,1,0,0,2,1,11,,isaac-gard-1
205,Charlie May,Michigan,G,8,0,18,2,4,.500,2,3,.667,0,1,.000,.750,1,2,.500,1,2,3,1,1,0,3,4,7,,charlie-may-1
206,Ugnius Jarusevicius,Nebraska,F,1,0,11,3,3,1.000,1,1,1.000,2,2,1.000,1.167,0,1,.000,0,2,2,0,0,2,2,1,7,,ugnius-jarusevicius-1
207,Aleksa Ristic,Indiana,G,12,0,30,2,5,.400,2,3,.667,0,2,.000,.600,0,1,.000,0,1,1,0,0,0,2,4,6,,aleksa-ristic-1
208,Nick Sanders,Michigan St.,G,14,0,22,2,6,.333,2,4,.500,0,2,.000,.500,0,0,,0,1,1,2,0,0,0,1,6,,nick-sanders-2
209,Mathieu Grujicic,Ohio St.,G,6,0,33,1,8,.125,1,7,.143,0,1,.000,.188,3,7,.429,1,4,5,2,1,0,1,2,6,,mathieu-grujicic-1
210,Efe Vatan,Oregon,F,5,0,14,2,3,.667,0,0,,2,3,.667,.667,2,3,.667,1,1,2,0,0,0,1,2,6,,efe-vatan-1
211,EJ Neal,USC,G,8,0,16,3,8,.375,0,5,.000,3,3,1.000,.375,0,0,,1,1,2,0,0,0,2,5,6,,ej-neal-1
212,Brennan Walton,Michigan St.,F,12,0,16,2,4,.500,1,2,.500,1,2,.500,.625,0,0,,1,4,5,0,0,0,1,2,5,,brennan-walton-1
213,Nehemiah Turner,Minnesota,F,7,1,40,2,10,.200,0,1,.000,2,9,.222,.200,1,2,.500,3,8,11,2,3,3,2,7,5,,nehemiah-turner-1
214,Phoenix Gill,Northwestern,G,11,0,39,1,8,.125,0,4,.000,1,4,.250,.125,3,4,.750,4,2,6,3,0,0,2,3,5,,phoenix-gill-1
215,Baye Fall,Rutgers,F,9,0,45,2,6,.333,0,0,,2,6,.333,.333,1,2,.500,4,11,15,1,1,3,2,11,5,,baye-fall-2
216,Brandon Roy Jr.,Washington,G,5,0,8,2,5,.400,1,4,.250,1,1,1.000,.500,0,0,,0,1,1,0,0,0,0,0,5,,brandon-roy-jr-1
217,Drew Snively,Indiana,G,10,0,17,2,5,.400,0,1,.000,2,4,.500,.400,0,0,,0,4,4,0,0,0,1,0,4,,drew-snively-1
218,Ian Stephens,Indiana,G,12,0,21,1,1,1.000,0,0,,1,1,1.000,1.000,2,2,1.000,0,1,1,0,1,0,0,0,4,,ian-stephens-1
219,Gus Hurlburt,Northwestern,F,2,0,4,1,1,1.000,0,0,,1,1,1.000,1.000,2,2,1.000,1,0,1,0,0,0,0,0,4,,gus-hurlburt-1
220,Howard Eisley Jr.,Michigan,G,9,0,11,1,5,.200,1,5,.200,0,0,,.300,0,2,.000,0,1,1,0,1,0,0,0,3,,howard-eisley-jr-1
221,Colin Walton,Michigan St.,F,12,0,15,1,1,1.000,1,1,1.000,0,0,,1.500,0,0,,1,2,3,0,0,0,0,0,3,,colin-walton-1
222,Justin Bolis,Nebraska,F,17,0,26,0,3,.000,0,1,.000,0,2,.000,.000,3,6,.500,0,5,5,1,1,1,0,3,3,,justin-bolis-1
223,Blake Fagbemi,Illinois,G,11,0,40,1,5,.200,0,0,,1,5,.200,.200,0,0,,1,10,11,4,1,0,2,1,2,,blake-fagbemi-1
224,Jacob Koch,Iowa,G,5,0,10,1,3,.333,0,1,.000,1,2,.500,.333,0,0,,0,0,0,1,0,0,0,0,2,,jacob-koch-1
225,Maximus Gizzi,Minnesota,G,10,0,28,1,3,.333,0,2,.000,1,1,1.000,.333,0,1,.000,1,0,1,0,2,0,1,2,2,,maximus-gizzi-1
226,Gevonte Ware,Rutgers,C,6,0,37,1,4,.250,0,0,,1,4,.250,.250,0,2,.000,0,3,3,0,1,0,2,8,2,,gevonte-ware-1
227,Brit Burden,USC,F,2,0,3,1,1,1.000,0,0,,1,1,1.000,1.000,0,0,,0,1,1,0,0,0,0,2,2,,brit-burden-1
228,Anthony Peoples Jr.,UCLA,F,6,0,10,1,2,.500,0,0,,1,2,.500,.500,0,0,,3,2,5,0,0,0,0,1,2,,anthony-peoples-1
229,Jack Seidler,UCLA,G,7,0,8,1,6,.167,0,1,.000,1,5,.200,.167,0,1,.000,1,3,4,0,0,0,1,1,2,,jack-seidler-1
230,Tryce Grensing,Indiana,G,11,0,16,0,1,.000,0,1,.000,0,0,,.000,0,0,,1,0,1,0,0,0,0,2,0,,tryce-grensing-1
231,RJ Spencer,Minnesota,G,5,0,5,0,2,.000,0,1,.000,0,1,.000,.000,0,0,,0,0,0,0,0,0,0,0,0,,rj-spencer-1
232,Braylen Nash,Ohio St.,G,6,0,8,0,0,,0,0,,0,0,,,0,0,,0,0,0,1,0,0,0,0,0,,braylen-nash-1
233,Miles Stewart,Oregon,F,2,0,2,0,0,,0,0,,0,0,,,0,0,,0,0,0,0,0,0,0,0,0,,miles-stewart-1
234,Chris Lotito,Penn St.,F,4,0,7,0,0,,0,0,,0,0,,,0,0,,1,0,1,0,0,0,1,2,0,,chris-lotito-1
235,Jace Rayl,Purdue,G,8,0,15,0,2,.000,0,0,,0,2,.000,.000,0,0,,0,0,0,0,0,0,0,2,0,,jace-rayl-1
236,Jack Lusk,Purdue,G,9,0,19,0,0,,0,0,,0,0,,,0,0,,0,3,3,0,0,0,1,3,0,,jack-lusk-1
237,Jonah Goorin,USC,G,2,0,3,0,2,.000,0,1,.000,0,1,.000,.000,0,0,,0,0,0,0,0,0,0,1,0,,jonah-goorin-1
238,Patrick O'Brien,USC,G,2,0,4,0,0,,0,0,,0,0,,,0,0,,0,0,0,0,0,0,0,0,0,,patrick-obrien-2
239,Christian Horry,UCLA,G,4,0,7,0,2,.000,0,1,.000,0,1,.000,.000,0,0,,0,0,0,1,0,0,0,0,0,,christian-horry-1
240,Riccardo Greppi,Wisconsin,F,14,0,18,0,6,.000,0,2,.000,0,4,.000,.000,0,2,.000,4,1,5,2,0,0,2,0,0,,riccardo-greppi-1